[
  {
    "text": "Identify the synonym of 'eloquent'.",
    "optionA": "Silent",
    "optionB": "Articulate",
    "optionC": "Confused",
    "optionD": "Angry",
    "correctAnswer": "B",
    "category": "Verbal Ability"
  },
  {
    "text": "Would you like coffee __________ tea?",
    "optionA": "so",
    "optionB": "or",
    "optionC": "but",
    "optionD": "and",
    "correctAnswer": "B",
    "category": "Verbal Ability"
  },
  {
    "text": "I like swimming, ______ my sister likes dancing.",
    "optionA": "and",
    "optionB": "or",
    "optionC": "because",
    "optionD": "but",
    "correctAnswer": "D",
    "category": "Verbal Ability"
  },
  {
    "text": "The antonym of 'happy' is:",
    "optionA": "Joyful",
    "optionB": "Sad",
    "optionC": "Excited",
    "optionD": "Content",
    "correctAnswer": "B",
    "category": "Verbal Ability"
  },
  {
    "text": "Choose the correct spelling: ",
    "optionA": "Recieve",
    "optionB": "Receive",
    "optionC": "Recive",
    "optionD": "Receve",
    "correctAnswer": "B",
    "category": "Verbal Ability"
  },
  {
    "text": "Complete the analogy: Book is to reading as fork is to:",
    "optionA": "Drawing",
    "optionB": "Eating",
    "optionC": "Writing",
    "optionD": "Cooking",
    "correctAnswer": "B",
    "category": "Verbal Ability"
  },
  {
    "text": "Which sentence is grammatically correct?",
    "optionA": "He go to school.",
    "optionB": "He goes to school.",
    "optionC": "He going to school.",
    "optionD": "He went to school.",
    "correctAnswer": "B",
    "category": "Verbal Ability"
  },
  {
    "text": "The word 'fast' can mean:",
    "optionA": "Quick",
    "optionB": "Not eating",
    "optionC": "Both A and B",
    "optionD": "None",
    "correctAnswer": "C",
    "category": "Verbal Ability"
  },
  {
    "text": "Rearrange: The / quick / brown / fox",
    "optionA": "The brown quick fox",
    "optionB": "The quick brown fox",
    "optionC": "Quick the brown fox",
    "optionD": "Brown the quick fox",
    "correctAnswer": "B",
    "category": "Verbal Ability"
  },
  {
    "text": "What is the main idea of the passage? (Assume a passage)",
    "optionA": "Option A",
    "optionB": "Option B",
    "optionC": "Option C",
    "optionD": "Option D",
    "correctAnswer": "B",
    "category": "Verbal Ability"
  },
  {
    "text": "Which of the following sentences contains an error in subject-verb agreement?",
    "optionA": "The team of players are practicing hard.",
    "optionB": "Each of the students has submitted their assignment.",
    "optionC": "Neither the manager nor the employees is happy with the decision.",
    "optionD": "No error.",
    "correctAnswer": "B",
    "category": "Verbal Ability"
  },
  {
    "text": "Choose the correct synonym for 'append.'",
    "optionA": "Remove",
    "optionB": "Add",
    "optionC": "Ignore",
    "optionD": "Divide",
    "correctAnswer": "B",
    "category": "Verbal Ability"
  },
  {
    "text": "In the sentence 'The chef cooked the meal quick,' identify the error.",
    "optionA": "The",
    "optionB": "cooked",
    "optionC": "quick",
    "optionD": "No error.",
    "correctAnswer": "C",
    "category": "Verbal Ability"
  },
  {
    "text": "Rearrange the following sentences to form a coherent paragraph: (1) However, it requires dedication. (2) Studying for exams is essential. (3) In summary, consistent effort pays off. (4) First, create a schedule.",
    "optionA": "2-4-1-3",
    "optionB": "4-2-1-3",
    "optionC": "2-1-4-3",
    "optionD": "1-3-2-4",
    "correctAnswer": "A",
    "category": "Verbal Ability"
  },
  {
    "text": "What is the antonym of 'opaque'?",
    "optionA": "Cloudy",
    "optionB": "Clear",
    "optionC": "Thick",
    "optionD": "Dense",
    "correctAnswer": "B",
    "category": "Verbal Ability"
  },
  {
    "text": "Identify the misspelled word in the sentence: 'The committee will accomodate all requests.'",
    "optionA": "committee",
    "optionB": "will",
    "optionC": "accomodate",
    "optionD": "requests",
    "correctAnswer": "C",
    "category": "Verbal Ability"
  },
  {
    "text": "Choose the correct word usage: 'The effect of the new policy _____ immediate.'",
    "optionA": "were",
    "optionB": "was",
    "optionC": "are",
    "optionD": "is being",
    "correctAnswer": "B",
    "category": "Verbal Ability"
  },
  {
    "text": "In reading comprehension, if a passage states 'The economy is improving, but unemployment remains high,' what is the implied conclusion?",
    "optionA": "Unemployment will decrease soon.",
    "optionB": "Improvement does not solve all issues.",
    "optionC": "The economy is worsening.",
    "optionD": "No conclusion can be drawn.",
    "correctAnswer": "B",
    "category": "Verbal Ability"
  },
  {
    "text": "Which sentence demonstrates parallelism?",
    "optionA": "She likes to swim, running, and to hike.",
    "optionB": "She likes swimming, running, and hiking.",
    "optionC": "She likes swim, run, and hiking.",
    "optionD": "She likes to swim, run, and hiking.",
    "correctAnswer": "B",
    "category": "Verbal Ability"
  },
  {
    "text": "What is the contextual meaning of 'query' in 'Please query the database for updates'?",
    "optionA": "Question",
    "optionB": "Delete",
    "optionC": "Save",
    "optionD": "Ignore",
    "correctAnswer": "A",
    "category": "Verbal Ability"
  },
  {
    "text": "2187, 729, 243, 81, 27, 9, ____?",
    "optionA": "6",
    "optionB": "3",
    "optionC": "4",
    "optionD": "2",
    "correctAnswer": "B",
    "category": "Numerical Ability"
  },
  {
    "text": "1, 4, 9, 16, 25, 36, 49, 64, ____?",
    "optionA": "81",
    "optionB": "100",
    "optionC": "121",
    "optionD": "144",
    "correctAnswer": "A",
    "category": "Numerical Ability"
  },
  {
    "text": "Convert 310/50 to a decimal.",
    "optionA": "6.2",
    "optionB": "3.1",
    "optionC": "0.62",
    "optionD": "6.1",
    "correctAnswer": "A",
    "category": "Numerical Ability"
  },
  {
    "text": "45 increased by what percent of itself gives 90?",
    "optionA": "50%",
    "optionB": "100%",
    "optionC": "200%",
    "optionD": "150%",
    "correctAnswer": "B",
    "category": "Numerical Ability"
  },
  {
    "text": "15 is 150% of what number?",
    "optionA": "10",
    "optionB": "20",
    "optionC": "22.5",
    "optionD": "7.5",
    "correctAnswer": "A",
    "category": "Numerical Ability"
  },
  {
    "text": "What is 25% of 80?",
    "optionA": "20",
    "optionB": "25",
    "optionC": "30",
    "optionD": "40",
    "correctAnswer": "A",
    "category": "Numerical Ability"
  },
  {
    "text": "Solve: 2 + 3 * 4 - 5",
    "optionA": "9",
    "optionB": "5",
    "optionC": "3",
    "optionD": "12",
    "correctAnswer": "A",
    "category": "Numerical Ability"
  },
  {
    "text": "The sum of x and 9 is:",
    "optionA": "x-9",
    "optionB": "x*9",
    "optionC": "x+9",
    "optionD": "x/9",
    "correctAnswer": "C",
    "category": "Numerical Ability"
  },
  {
    "text": "If 3 apples cost 50 pesos, how much for 12?",
    "optionA": "150",
    "optionB": "200",
    "optionC": "100",
    "optionD": "250",
    "correctAnswer": "B",
    "category": "Numerical Ability"
  },
  {
    "text": "Find the average of 10, 20, 30.",
    "optionA": "20",
    "optionB": "15",
    "optionC": "25",
    "optionD": "30",
    "correctAnswer": "A",
    "category": "Numerical Ability"
  },
  {
    "text": "A plate of special Sisig rice and a bowl of beef noodles costs Php 80. If the bowl of beef noodles costs Php 20 more than the plate of Sisig rice, how much is the bowl of beef noodles?",
    "optionA": "Php 30",
    "optionB": "Php 50",
    "optionC": "Php 60",
    "optionD": "Php 40",
    "correctAnswer": "B",
    "category": "Numerical Ability"
  },
  {
    "text": "What is 15% of 200?",
    "optionA": "30",
    "optionB": "25",
    "optionC": "35",
    "optionD": "20",
    "correctAnswer": "A",
    "category": "Numerical Ability"
  },
  {
    "text": "Solve for x: 3x + 5 = 20.",
    "optionA": "5",
    "optionB": "6",
    "optionC": "4",
    "optionD": "7",
    "correctAnswer": "A",
    "category": "Numerical Ability"
  },
  {
    "text": "If a train travels 60 km in 45 minutes, what is its speed in km/h?",
    "optionA": "80",
    "optionB": "90",
    "optionC": "70",
    "optionD": "100",
    "correctAnswer": "A",
    "category": "Numerical Ability"
  },
  {
    "text": "What is the next number in the sequence: 2, 4, 8, 16?",
    "optionA": "20",
    "optionB": "24",
    "optionC": "32",
    "optionD": "18",
    "correctAnswer": "C",
    "category": "Numerical Ability"
  },
  {
    "text": "A store offers a 20% discount on a Php 500 item. What is the final price?",
    "optionA": "Php 400",
    "optionB": "Php 450",
    "optionC": "Php 300",
    "optionD": "Php 350",
    "correctAnswer": "A",
    "category": "Numerical Ability"
  },
  {
    "text": "Solve the word problem: If 3 workers build a wall in 4 days, how many days for 6 workers?",
    "optionA": "2",
    "optionB": "3",
    "optionC": "1.5",
    "optionD": "2.5",
    "correctAnswer": "A",
    "category": "Numerical Ability"
  },
  {
    "text": "What is the area of a rectangle with length 10 and width 5?",
    "optionA": "50",
    "optionB": "30",
    "optionC": "40",
    "optionD": "60",
    "correctAnswer": "A",
    "category": "Numerical Ability"
  },
  {
    "text": "Convert 3/4 to a decimal.",
    "optionA": "0.75",
    "optionB": "0.5",
    "optionC": "0.25",
    "optionD": "1.0",
    "correctAnswer": "A",
    "category": "Numerical Ability"
  },
  {
    "text": "If y = 2x + 3 and x=4, what is y?",
    "optionA": "11",
    "optionB": "9",
    "optionC": "10",
    "optionD": "12",
    "correctAnswer": "A",
    "category": "Numerical Ability"
  },
  {
    "text": "Book is to reading as fork is to:",
    "optionA": "Drawing",
    "optionB": "Eating",
    "optionC": "Writing",
    "optionD": "Cooking",
    "correctAnswer": "B",
    "category": "Analytical Ability"
  },
  {
    "text": "If all Bloops are Razzies and some Razzies are Lalas, then:",
    "optionA": "All Bloops are LaLAS",
    "optionB": "Some Bloops are LaLas",
    "optionC": "No Bloops are LaLas",
    "optionD": "Cannot determine",
    "correctAnswer": "D",
    "category": "Analytical Ability"
  },
  {
    "text": "Identify assumption: Students should study hard to pass.",
    "optionA": "Studying hard guarantees pass",
    "optionB": "Not studying leads to failure",
    "optionC": "Both",
    "optionD": "None",
    "correctAnswer": "B",
    "category": "Analytical Ability"
  },
  {
    "text": "Next in series: A, C, E, G, ____",
    "optionA": "H",
    "optionB": "I",
    "optionC": "J",
    "optionD": "K",
    "correctAnswer": "B",
    "category": "Analytical Ability"
  },
  {
    "text": "Which is odd one out: Apple, Banana, Carrot, Orange",
    "optionA": "Apple",
    "optionB": "Banana",
    "optionC": "Carrot",
    "optionD": "Orange",
    "correctAnswer": "C",
    "category": "Analytical Ability"
  },
  {
    "text": "If X is Y's brother, Y is Z's sister, Z is X's:",
    "optionA": "Brother",
    "optionB": "Sister",
    "optionC": "Uncle",
    "optionD": "Self",
    "correctAnswer": "A",
    "category": "Analytical Ability"
  },
  {
    "text": "Conclusion from: All dogs bark. Spot barks. So Spot is a dog.",
    "optionA": "Valid",
    "optionB": "Invalid",
    "optionC": "True",
    "optionD": "False",
    "correctAnswer": "B",
    "category": "Analytical Ability"
  },
  {
    "text": "Iron: metal :: granite:",
    "optionA": "Marble",
    "optionB": "Rock",
    "optionC": "Sand",
    "optionD": "Solid",
    "correctAnswer": "B",
    "category": "Analytical Ability"
  },
  {
    "text": "If 2=5, 3=10, 4=17, 5=?",
    "optionA": "26",
    "optionB": "25",
    "optionC": "20",
    "optionD": "22",
    "correctAnswer": "A",
    "category": "Analytical Ability"
  },
  {
    "text": "Data interpretation: (Assume graph) What is the trend?",
    "optionA": "Increasing",
    "optionB": "Decreasing",
    "optionC": "Stable",
    "optionD": "Varying",
    "correctAnswer": "A",
    "category": "Analytical Ability"
  },
  {
    "text": "ODOMETER : MILEAGE :: COMPASS :",
    "optionA": "SPEED",
    "optionB": "HIKING",
    "optionC": "NEEDLE",
    "optionD": "DIRECTION",
    "correctAnswer": "D",
    "category": "Analytical Ability"
  },
  {
    "text": "If it is rainy tomorrow, I will not visit my friend’s house. If I will visit my friend’s house, then ___________________",
    "optionA": "tomorrow is rainy",
    "optionB": "tomorrow is not rainy",
    "optionC": "it will rain later",
    "optionD": "I will stay home",
    "correctAnswer": "B",
    "category": "Analytical Ability"
  },
  {
    "text": "Only confident people are actors. All actors are wealthy. Ben is wealthy. Is 'Ben is a confident person' undoubtedly true?",
    "optionA": "Yes",
    "optionB": "No",
    "optionC": "Maybe",
    "optionD": "Always",
    "correctAnswer": "B",
    "category": "Analytical Ability"
  },
  {
    "text": "What is the next number in the sequence: 1, 4, 7, 10, 13?",
    "optionA": "15",
    "optionB": "16",
    "optionC": "14",
    "optionD": "17",
    "correctAnswer": "B",
    "category": "Analytical Ability"
  },
  {
    "text": "If A then B, If B then C. Therefore, If A then C. Is this true?",
    "optionA": "Yes (Hypothetical Syllogism)",
    "optionB": "No",
    "optionC": "Only if A is true",
    "optionD": "Depends on C",
    "correctAnswer": "A",
    "category": "Analytical Ability"
  },
  {
    "text": "Big : Large :: Small :",
    "optionA": "Tiny",
    "optionB": "Huge",
    "optionC": "Medium",
    "optionD": "Wide",
    "correctAnswer": "A",
    "category": "Analytical Ability"
  },
  {
    "text": "Opaque : Clear :: Fancy :",
    "optionA": "Simple",
    "optionB": "Complex",
    "optionC": "Elegant",
    "optionD": "Plain",
    "correctAnswer": "A",
    "category": "Analytical Ability"
  },
  {
    "text": "Length : Meters :: Electric Current :",
    "optionA": "Volts",
    "optionB": "Amperes",
    "optionC": "Ohms",
    "optionD": "Watts",
    "correctAnswer": "B",
    "category": "Analytical Ability"
  },
  {
    "text": "Chef : Cook :: Dancer :",
    "optionA": "Perform",
    "optionB": "Dance",
    "optionC": "Teach",
    "optionD": "Watch",
    "correctAnswer": "A",
    "category": "Analytical Ability"
  },
  {
    "text": "In a data interpretation graph showing sales: Jan 100, Feb 150, Mar 120. What is the average?",
    "optionA": "123.33",
    "optionB": "120",
    "optionC": "130",
    "optionD": "125",
    "correctAnswer": "A",
    "category": "Analytical Ability"
  },
  {
    "text": "What is the capital of the Philippines?",
    "optionA": "Manila",
    "optionB": "Cebu",
    "optionC": "Davao",
    "optionD": "Quezon City",
    "correctAnswer": "A",
    "category": "General Information"
  },
  {
    "text": "Who is the current President of the Philippines? (As of 2022)",
    "optionA": "Ferdinand Marcos Jr.",
    "optionB": "Rodrigo Duterte",
    "optionC": "Benigno Aquino III",
    "optionD": "Gloria Arroyo",
    "correctAnswer": "A",
    "category": "General Information"
  },
  {
    "text": "The Philippine Constitution was ratified in:",
    "optionA": "1987",
    "optionB": "1973",
    "optionC": "1935",
    "optionD": "1899",
    "correctAnswer": "A",
    "category": "General Information"
  },
  {
    "text": "RA 6713 is the:",
    "optionA": "Code of Conduct for Public Officials",
    "optionB": "Anti-Graft Law",
    "optionC": "Both",
    "optionD": "None",
    "correctAnswer": "A",
    "category": "General Information"
  },
  {
    "text": "The three branches of government are:",
    "optionA": "Executive, Legislative, Judiciary",
    "optionB": "Senate, House, Court",
    "optionC": "President, Congress, Supreme Court",
    "optionD": "All above",
    "correctAnswer": "A",
    "category": "General Information"
  },
  {
    "text": "National hero of the Philippines:",
    "optionA": "Jose Rizal",
    "optionB": "Andres Bonifacio",
    "optionC": "Emilio Aguinaldo",
    "optionD": "Lapu-Lapu",
    "correctAnswer": "A",
    "category": "General Information"
  },
  {
    "text": "The Philippine flag has colors:",
    "optionA": "Blue, Red, White, Yellow",
    "optionB": "Green, White, Red",
    "optionC": "Blue, White, Red",
    "optionD": "Red, White, Blue",
    "correctAnswer": "A",
    "category": "General Information"
  },
  {
    "text": "Number of regions in the Philippines:",
    "optionA": "17",
    "optionB": "18",
    "optionC": "16",
    "optionD": "15",
    "correctAnswer": "B",
    "category": "General Information"
  },
  {
    "text": "The largest island is:",
    "optionA": "Luzon",
    "optionB": "Mindanao",
    "optionC": "Visayas",
    "optionD": "Palawan",
    "correctAnswer": "A",
    "category": "General Information"
  },
  {
    "text": "Independence Day is:",
    "optionA": "June 12",
    "optionB": "July 4",
    "optionC": "August 31",
    "optionD": "April 9",
    "correctAnswer": "A",
    "category": "General Information"
  },
  {
    "text": "According to the Philippine Constitution, what is the minimum age to run for President?",
    "optionA": "35",
    "optionB": "30",
    "optionC": "40",
    "optionD": "25",
    "correctAnswer": "A",
    "category": "General Information"
  },
  {
    "text": "RA 6713 refers to the Code of Conduct and Ethical Standards for:",
    "optionA": "Public Officials and Employees",
    "optionB": "Private Sector Workers",
    "optionC": "Students",
    "optionD": "Military Personnel",
    "correctAnswer": "A",
    "category": "General Information"
  },
  {
    "text": "How many Senators are there in the Philippine Senate?",
    "optionA": "24",
    "optionB": "20",
    "optionC": "30",
    "optionD": "12",
    "correctAnswer": "A",
    "category": "General Information"
  },
  {
    "text": "What does the Bill of Rights in the Constitution primarily protect?",
    "optionA": "Individual freedoms",
    "optionB": "Economic policies",
    "optionC": "Foreign relations",
    "optionD": "Military powers",
    "correctAnswer": "A",
    "category": "General Information"
  },
  {
    "text": "Under RA 6713, what is a prohibited act for public officials?",
    "optionA": "Political neutrality",
    "optionB": "Accepting gifts that create conflict of interest",
    "optionC": "Professionalism",
    "optionD": "Responsiveness to public",
    "correctAnswer": "B",
    "category": "General Information"
  },
  {
    "text": "What branch of government includes the President and Vice President?",
    "optionA": "Executive",
    "optionB": "Legislative",
    "optionC": "Judicial",
    "optionD": "Local",
    "correctAnswer": "A",
    "category": "General Information"
  },
  {
    "text": "In human rights concepts, what does 'peace' involve per the reviewer?",
    "optionA": "Absence of conflict and promotion of justice",
    "optionB": "Military strength",
    "optionC": "Economic growth only",
    "optionD": "Environmental protection",
    "correctAnswer": "A",
    "category": "General Information"
  },
  {
    "text": "What is a key norm of conduct under RA 6713?",
    "optionA": "Professionalism",
    "optionB": "Corruption",
    "optionC": "Nepotism",
    "optionD": "Bribery",
    "correctAnswer": "A",
    "category": "General Information"
  },
  {
    "text": "Environment Management and Protection in the Constitution emphasizes:",
    "optionA": "Sustainable development",
    "optionB": "Urban expansion",
    "optionC": "Industrial growth without limits",
    "optionD": "Deforestation",
    "correctAnswer": "A",
    "category": "General Information"
  },
  {
    "text": "How many Representatives are in the House based on population?",
    "optionA": "Up to 250 or more",
    "optionB": "Exactly 100",
    "optionC": "24",
    "optionD": "200 fixed",
    "correctAnswer": "A",
    "category": "General Information"
  },
  {
    "text": "Every Christian's path is beset by peril.",
    "optionA": "bested",
    "optionB": "frightened",
    "optionC": "surrounded",
    "optionD": "chased",
    "correctAnswer": "C",
    "category": "Verbal Ability"
  },
  {
    "text": "The power failure at 8 P.M. caused consternation among the barangay's residents.",
    "optionA": "dismay",
    "optionB": "deliberation",
    "optionC": "disability",
    "optionD": "distaste",
    "correctAnswer": "A",
    "category": "Verbal Ability"
  },
  {
    "text": "The consensus among the congressmen was that the bill would not be passed.",
    "optionA": "divided",
    "optionB": "controversy",
    "optionC": "gathering",
    "optionD": "agreement",
    "correctAnswer": "D",
    "category": "Verbal Ability"
  },
  {
    "text": "Tempestuous times preceded the EDSA People Power Revolution.",
    "optionA": "emotionally charged",
    "optionB": "temperate",
    "optionC": "trying",
    "optionD": "peaceful",
    "correctAnswer": "A",
    "category": "Verbal Ability"
  },
  {
    "text": "Imelda Marcos was known for her ostentatious extravagance.",
    "optionA": "oscillating",
    "optionB": "loud",
    "optionC": "wealthy",
    "optionD": "showy",
    "correctAnswer": "D",
    "category": "Verbal Ability"
  },
  {
    "text": "Some believe that the treatment for modern-day depression is complete abstinence from social media use.",
    "optionA": "absence",
    "optionB": "avoidance",
    "optionC": "sickness",
    "optionD": "prescription",
    "correctAnswer": "B",
    "category": "Verbal Ability"
  },
  {
    "text": "Mary Grace Cafe is a favorite rendezvous for all the titas of Manila.",
    "optionA": "hidden retreat",
    "optionB": "hiding place",
    "optionC": "meeting place",
    "optionD": "dining room",
    "correctAnswer": "C",
    "category": "Verbal Ability"
  },
  {
    "text": "Lola Mona Lisa is so old that her health has regressed to the point that she may die any time soon.",
    "optionA": "remembered",
    "optionB": "alluded",
    "optionC": "deteriorated",
    "optionD": "progressed",
    "correctAnswer": "C",
    "category": "Verbal Ability"
  },
  {
    "text": "The garrulous taxi driver annoyed most of his passengers especially the introverted ones.",
    "optionA": "talkative",
    "optionB": "gracious",
    "optionC": "sickly",
    "optionD": "grey",
    "correctAnswer": "A",
    "category": "Verbal Ability"
  },
  {
    "text": "A less scrupulous plumber could easily have unnecessarily replaced the drainpipes and run up the cost.",
    "optionA": "afraid",
    "optionB": "employed",
    "optionC": "careful",
    "optionD": "infamous",
    "correctAnswer": "C",
    "category": "Verbal Ability"
  },
  {
    "text": "What is the main topic of the passage? (Mental health awareness)",
    "optionA": "Mental Health Awareness Efforts",
    "optionB": "Government Initiatives in the Philippines",
    "optionC": "Challenges in Mental Health Support",
    "optionD": "Importance of Mental Health",
    "correctAnswer": "A",
    "category": "Verbal Ability"
  },
  {
    "text": "Which legislation is mentioned in the passage?",
    "optionA": "Healthcare Act",
    "optionB": "Education Act",
    "optionC": "Mental Health Act",
    "optionD": "Social Services Act",
    "correctAnswer": "C",
    "category": "Verbal Ability"
  },
  {
    "text": "What is the main topic of the passage? (Climate change)",
    "optionA": "Environmental Challenges",
    "optionB": "Government Policies",
    "optionC": "Climate Change",
    "optionD": "Renewable Energy",
    "correctAnswer": "C",
    "category": "Verbal Ability"
  },
  {
    "text": "Convert 310/50 to a decimal.",
    "optionA": "6.2",
    "optionB": "3.1",
    "optionC": "0.62",
    "optionD": "6.1",
    "correctAnswer": "A",
    "category": "Numerical Ability"
  },
  {
    "text": "2/5 + 1/4 = ?",
    "optionA": "9/20",
    "optionB": "13/20",
    "optionC": "7/20",
    "optionD": "11/20",
    "correctAnswer": "B",
    "category": "Numerical Ability"
  },
  {
    "text": "Given the equation 3x + 6 = 15, what is the value of x?",
    "optionA": "3",
    "optionB": "4",
    "optionC": "5",
    "optionD": "6",
    "correctAnswer": "A",
    "category": "Numerical Ability"
  },
  {
    "text": "What is the next number in the sequence: 2, 4, 8, 16, 32, ?",
    "optionA": "48",
    "optionB": "54",
    "optionC": "64",
    "optionD": "72",
    "correctAnswer": "C",
    "category": "Numerical Ability"
  },
  {
    "text": "What is the next number in the sequence: 5, 10, 20, 40, ?",
    "optionA": "60",
    "optionB": "70",
    "optionC": "80",
    "optionD": "100",
    "correctAnswer": "C",
    "category": "Numerical Ability"
  },
  {
    "text": "What is the next number in the sequence: 3, 6, 12, 24, ?",
    "optionA": "36",
    "optionB": "48",
    "optionC": "54",
    "optionD": "60",
    "correctAnswer": "B",
    "category": "Numerical Ability"
  },
  {
    "text": "What is the next number in the sequence: 1, 4, 9, 16, 25, ?",
    "optionA": "30",
    "optionB": "36",
    "optionC": "42",
    "optionD": "49",
    "correctAnswer": "B",
    "category": "Numerical Ability"
  },
  {
    "text": "What is the next number in the sequence: 2, 3, 5, 7, 11, ?",
    "optionA": "13",
    "optionB": "14",
    "optionC": "15",
    "optionD": "17",
    "correctAnswer": "A",
    "category": "Numerical Ability"
  },
  {
    "text": "What is the next number in the sequence: 8, 16, 24, 32, 40, ?",
    "optionA": "45",
    "optionB": "48",
    "optionC": "50",
    "optionD": "52",
    "correctAnswer": "B",
    "category": "Numerical Ability"
  },
  {
    "text": "What is the next number in the sequence: 1, 1, 2, 3, 5, 8, ?",
    "optionA": "10",
    "optionB": "11",
    "optionC": "12",
    "optionD": "13",
    "correctAnswer": "D",
    "category": "Numerical Ability"
  },
  {
    "text": "What is the next number in the sequence: 9, 27, 81, 243, ?",
    "optionA": "324",
    "optionB": "567",
    "optionC": "729",
    "optionD": "810",
    "correctAnswer": "C",
    "category": "Numerical Ability"
  },
  {
    "text": "What is the next number in the sequence: 10, 20, 30, 40, ?",
    "optionA": "45",
    "optionB": "50",
    "optionC": "55",
    "optionD": "60",
    "correctAnswer": "B",
    "category": "Numerical Ability"
  },
  {
    "text": "ODOMETER : MILEAGE :: COMPASS :",
    "optionA": "SPEED",
    "optionB": "HIKING",
    "optionC": "NEEDLE",
    "optionD": "DIRECTION",
    "correctAnswer": "D",
    "category": "Analytical Ability"
  },
  {
    "text": "If it is rainy tomorrow, I will not visit my friend’s house. If I will visit my friend’s house, then ___________________",
    "optionA": "tomorrow is rainy",
    "optionB": "tomorrow is not rainy",
    "optionC": "it will rain later",
    "optionD": "I will stay home",
    "correctAnswer": "B",
    "category": "Analytical Ability"
  },
  {
    "text": "Only confident people are actors. All actors are wealthy. Ben is wealthy. Is 'Ben is a confident person' undoubtedly true?",
    "optionA": "Yes",
    "optionB": "No",
    "optionC": "Maybe",
    "optionD": "Always",
    "correctAnswer": "B",
    "category": "Analytical Ability"
  },
  {
    "text": "What is the next number in the sequence: 1, 4, 7, 10, 13?",
    "optionA": "15",
    "optionB": "16",
    "optionC": "14",
    "optionD": "17",
    "correctAnswer": "B",
    "category": "Analytical Ability"
  },
  {
    "text": "If A then B, If B then C. Therefore, If A then C. Is this true?",
    "optionA": "Yes (Hypothetical Syllogism)",
    "optionB": "No",
    "optionC": "Only if A is true",
    "optionD": "Depends on C",
    "correctAnswer": "A",
    "category": "Analytical Ability"
  },
  {
    "text": "Big : Large :: Small :",
    "optionA": "Tiny",
    "optionB": "Huge",
    "optionC": "Medium",
    "optionD": "Wide",
    "correctAnswer": "A",
    "category": "Analytical Ability"
  },
  {
    "text": "Opaque : Clear :: Fancy :",
    "optionA": "Simple",
    "optionB": "Complex",
    "optionC": "Elegant",
    "optionD": "Plain",
    "correctAnswer": "A",
    "category": "Analytical Ability"
  },
  {
    "text": "Length : Meters :: Electric Current :",
    "optionA": "Volts",
    "optionB": "Amperes",
    "optionC": "Ohms",
    "optionD": "Watts",
    "correctAnswer": "B",
    "category": "Analytical Ability"
  },
  {
    "text": "Chef : Cook :: Dancer :",
    "optionA": "Perform",
    "optionB": "Dance",
    "optionC": "Teach",
    "optionD": "Watch",
    "correctAnswer": "A",
    "category": "Analytical Ability"
  },
  {
    "text": "In a data interpretation graph showing sales: Jan 100, Feb 150, Mar 120. What is the average?",
    "optionA": "123.33",
    "optionB": "120",
    "optionC": "130",
    "optionD": "125",
    "correctAnswer": "A",
    "category": "Analytical Ability"
  },
  {
    "text": "Negligent: requirement: remiss: _____________.",
    "optionA": "duty",
    "optionB": "law",
    "optionC": "task",
    "optionD": "care",
    "correctAnswer": "A",
    "category": "Analytical Ability"
  },
  {
    "text": "Politician: statesman: ______________: ______________. ",
    "optionA": "lawyer: advocate",
    "optionB": "doctor: physician",
    "optionC": "teacher: educator",
    "optionD": "soldier: warrior",
    "correctAnswer": "D",
    "category": "Analytical Ability"
  },
  {
    "text": "Caution is to ________ as radar is to ________.",
    "optionA": "signal: wave",
    "optionB": "warning: detection",
    "optionC": "care: speed",
    "optionD": "alert: track",
    "correctAnswer": "B",
    "category": "Analytical Ability"
  },
  {
    "text": "What are the 3 main branches of the Government of the Philippines?",
    "optionA": "Senate, Supreme Court, Congress",
    "optionB": "Presidential, Unicameral-Parliamentary, Bicameral-Parliamentary",
    "optionC": "Legislative, Executive, Judicial",
    "optionD": "The Legislature, The Senate, The Supreme Court",
    "correctAnswer": "C",
    "category": "General Information"
  },
  {
    "text": "The Supreme Court shall be composed of a Chief Justice and how many Associates Justices?",
    "optionA": "12",
    "optionB": "13",
    "optionC": "14",
    "optionD": "15",
    "correctAnswer": "D",
    "category": "General Information"
  },
  {
    "text": "The Commander-in-Chief of all armed forces of the Philippines in 2025 is _________.",
    "optionA": "Air Force Commanding General Jeffrey Delgado",
    "optionB": "Ferdinand Marcos Jr.",
    "optionC": "Chief Justice Maria Lourdes Sereno",
    "optionD": "AFP Chief Lieutenant Gen. Emmanuel Bautista",
    "correctAnswer": "B",
    "category": "General Information"
  },
  {
    "text": "The executive power shall be vested in the _________.",
    "optionA": "President of the Philippines",
    "optionB": "House of Representatives",
    "optionC": "The Supreme Court",
    "optionD": "The Congress",
    "correctAnswer": "A",
    "category": "General Information"
  },
  {
    "text": "The legislative power shall be vested in the _________ which shall consist of a Senate and a House of Representatives.",
    "optionA": "Congress of the Philippines",
    "optionB": "House of Ombudsman",
    "optionC": "The Supreme Court",
    "optionD": "Bureau of Internal Revenue",
    "correctAnswer": "A",
    "category": "General Information"
  },
  {
    "text": "The Senate shall be composed of how many senators elected at large by voters of the Philippines?",
    "optionA": "21",
    "optionB": "22",
    "optionC": "23",
    "optionD": "24",
    "correctAnswer": "D",
    "category": "General Information"
  },
  {
    "text": "How long shall the term of office of the senators be commenced?",
    "optionA": "3 years",
    "optionB": "4 years",
    "optionC": "5 years",
    "optionD": "6 years",
    "correctAnswer": "D",
    "category": "General Information"
  },
  {
    "text": "The term of office of the President and Vice-president of the Philippines shall be up to how many years?",
    "optionA": "3 years",
    "optionB": "4 years",
    "optionC": "5 years",
    "optionD": "6 years",
    "correctAnswer": "D",
    "category": "General Information"
  },
  {
    "text": "The members of the House of Representatives shall be elected for a term of _______.",
    "optionA": "3 years",
    "optionB": "4 years",
    "optionC": "5 years",
    "optionD": "6 years",
    "correctAnswer": "A",
    "category": "General Information"
  },
  {
    "text": "The following shall be exempted from taxation except:",
    "optionA": "Lands and buildings",
    "optionB": "Churches and convents",
    "optionC": "Charitable institutions",
    "optionD": "Non-profit cemeteries",
    "correctAnswer": "A",
    "category": "General Information"
  },
  {
    "text": "The Congress, by a vote of ____ of both Houses in joint session assembled, voting separately, shall have the sole power to declare a state of war.",
    "optionA": "Two-thirds",
    "optionB": "One-half",
    "optionC": "Three quarters",
    "optionD": "Minority",
    "correctAnswer": "A",
    "category": "General Information"
  },
  {
    "text": "It states that “no person shall be deprived of life, liberty, or property without due process of law, nor any person be denied the equal protection of the laws.”",
    "optionA": "Article VI",
    "optionB": "Bill of Rights",
    "optionC": "Republic Act",
    "optionD": "Court Order",
    "correctAnswer": "B",
    "category": "General Information"
  }
]
